{"accuracy": 0.9644653291256843, "classification_report": {"benign": {"precision": 0.9723276516458491, "recall": 0.9842707617794647, "f1-score": 0.9782627562385369, "support": 85891.0}, "defacement": {"precision": 0.9803583555346602, "recall": 0.9919133192389006, "f1-score": 0.9861019888080289, "support": 18920.0}, "phishing": {"precision": 0.9770496992719215, "recall": 0.9446059678653405, "f1-score": 0.9605539562747997, "support": 6535.0}, "malware": {"precision": 0.9046096904441454, "recall": 0.8538082887842058, "f1-score": 0.8784751531654186, "support": 18893.0}, "accuracy": 0.9644653291256843, "macro avg": {"precision": 0.958586349224144, "recall": 0.9436495844169779, "f1-score": 0.950848463621696, "support": 130239.0}, "weighted avg": {"precision": 0.9639077778586493, "recall": 0.9644653291256843, "f1-score": 0.9640374019866719, "support": 130239.0}}}